{"93394006": {"shape": 196, "head": "scalar", "backbone": "VGG", "epochs": 50, "batch_size": 64, "learning rate": 0.001, "circles": 0.5, "squares": 0.3, "real": 0.9, "error1": null, "error2": null, "error3": null, "error4": null, "accuracy_on_val": null}, "53811941": {"shape": 196, "head": "scalar", "backbone": "Identity", "epochs": 1, "batch_size": 64, "learning rate": 0.001, "circles": 0.5, "squares": 0.3, "real": 0.9, "error1": 1.4577468596413705, "error2": 1.4737830229579356, "error3": 1.4090746142532367, "error4": 1.3535277497599083, "accuracy_on_val": 1.6372899214426676e-05}}